{
    "S1": {
        "filter": "notch",
        "L": 0.009623,
        "C": [
            9.892e-09
        ],
        "R_0": 503.0,
        "R_coil": 20.36,
        "R_cap": 0.008,
        "R_contact": 5.0,
        "l_0": 100.0,
        "alpha": 0.05,
        "k": 1.92,
        "type": "S",
        "ID": "S1"
    },
    "S2": {
        "filter": "notch",
        "L": 0.009569,
        "C": [
            2.033e-08
        ],
        "R_0": 513.5,
        "R_coil": 20.08,
        "R_cap": 0.012,
        "R_contact": 5.0,
        "l_0": 100.0,
        "alpha": 0.05,
        "k": 1.92,
        "type": "S",
        "ID": "S2"
    },
    "S3": {
        "filter": "notch",
        "L": 0.00959,
        "C": [
            8.7e-08
        ],
        "R_0": 486.0,
        "R_coil": 20.22,
        "R_cap": 0.013,
        "R_contact": 5.0,
        "l_0": 100.0,
        "alpha": 0.05,
        "k": 1.92,
        "type": "S",
        "ID": "S3"
    },
    "S4": {
        "filter": "notch",
        "L": 0.02242,
        "C": [
            8.449e-08
        ],
        "R_0": 465.9,
        "R_coil": 42.69,
        "R_cap": 0.014,
        "R_contact": 5.0,
        "l_0": 100.0,
        "alpha": 0.05,
        "k": 1.92,
        "type": "S",
        "ID": "S4"
    },
    "L1": {
        "filter": "notch",
        "L": 0.02213,
        "C": [
            2.232e-07
        ],
        "R_0": 818.0,
        "R_coil": 42.18,
        "R_cap": 0.015,
        "R_contact": 5.0,
        "l_0": 141.4213562373095,
        "alpha": 0.05,
        "k": 1.36,
        "type": "L",
        "ID": "L1"
    },
    "L2": {
        "filter": "notch",
        "L": 0.02213,
        "C": [
            4.733e-07
        ],
        "R_0": 816.9,
        "R_coil": 41.77,
        "R_cap": 0.015,
        "R_contact": 5.0,
        "l_0": 141.4213562373095,
        "alpha": 0.05,
        "k": 1.36,
        "type": "L",
        "ID": "L2"
    },
    "L3": {
        "filter": "notch",
        "L": 0.02213,
        "C": [
            8.552e-07
        ],
        "R_0": 863.0,
        "R_coil": 42.84,
        "R_cap": 0.018,
        "R_contact": 5.0,
        "l_0": 141.4213562373095,
        "alpha": 0.05,
        "k": 1.36,
        "type": "L",
        "ID": "L3"
    }
}