{
    "A1": {
        "filter": "BVD",
        "L": 0.015952,
        "C": [
            1.162731e-07,
            1.379558e-08
        ],
        "R_0": -21.153278999999998,
        "R_loss": -21.153278999999998,
        "length": 2.0,
        "k": 500.0,
        "type": "A",
        "ID": "A1"
    },
    "A2": {
        "filter": "BVD",
        "L": 0.02216,
        "C": [
            9.77e-07,
            8.882e-08
        ],
        "R_0": 49.44,
        "R_loss": 39,
        "length": 2.2,
        "k": 450.0,
        "type": "A",
        "ID": "A2"
    },
    "B1": {
        "filter": "BVD",
        "L": 0.023,
        "C": [
            9.997e-09,
            8.5e-10
        ],
        "R_0": 52.66,
        "R_loss": 100,
        "length": 1.5,
        "k": 1200.0,
        "type": "B",
        "ID": "B1"
    },
    "B2": {
        "filter": "BVD",
        "L": 3.5,
        "C": [
            1.16e-07,
            1.334e-08
        ],
        "R_0": 5000.0,
        "R_loss": 54.9,
        "length": 1.6,
        "k": 1100.0,
        "type": "B",
        "ID": "B2"
    },
    "C1": {
        "filter": "BVD",
        "L": 100,
        "C": [
            1.16e-07,
            1.334e-08
        ],
        "R_0": 30000,
        "R_loss": 54.9,
        "length": 0.5,
        "k": 5000.0,
        "type": "C",
        "ID": "C1"
    },
    "C2": {
        "filter": "BVD",
        "L": 1.0,
        "C": [
            1.16e-07,
            1.334e-08
        ],
        "R_0": 5000.0,
        "R_loss": 54.9,
        "length": 0.4,
        "k": 6500.0,
        "type": "C",
        "ID": "C2"
    },
    "D1": {
        "filter": "R",
        "L": 1.0,
        "C": [
            1,
            1
        ],
        "R_0": 52.94,
        "R_loss": 54.9,
        "length": 2.0,
        "k": 500.0,
        "type": "D",
        "ID": "D1"
    }
}